{
    "ξ": 4.0,
    "γ": 2.0,
    "β": 0.981,
    "λ": 0.065,
    "ρ_h": 0.98,
    "σ_h": 0.12,
    "ι": 0.0625,
    "ζ": 0.0002,
    "α": 0.318,
    "δ_0": 0.0175,
    "δ_s": 1.4827556408711084,
    "ϕ": 0.2326177034913215,
    "μ": 1.1,
    "κ": 0.10145124709078203,
    "μw": 1.1,
    "κw": 0.1280046707768436,
    "ψ": 0.1,
    "τ_lev": 0.88,
    "τ_prog": 0.18,
    "R": 1.01,
    "K": 40.0,
    "π": 1.0,
    "RB": 1.0039762215651984,
    "Rbar": 0.01646392753928616,
    "ρ_A": 0.9768022020471294,
    "σ_A": 0.0016041656642687891,
    "ρ_Z": 0.9954336953225441,
    "σ_Z": 0.006011277806520456,
    "ρ_ZI": 0.9763937270592984,
    "σ_ZI": 0.027231954996236794,
    "ρ_μ": 0.8889674498538785,
    "σ_μ": 0.01694779704223071,
    "ρ_μw": 0.9085898059660581,
    "σ_μw": 0.05354859914398306,
    "ρ_s": 0.6571976816051248,
    "σ_Sshock": 0.6318408470910671,
    "Σ_n": 0.8344348150861205,
    "ρ_R": 0.8002777810836071,
    "σ_Rshock": 0.002653693552181625,
    "θ_π": 2.6034938467311184,
    "θ_Y": 0.08623217978866124,
    "γ_B": 0.14440382665339072,
    "γ_π": -1.1337552975715568,
    "γ_Y": -0.7162165443969416,
    "ρ_Gshock": 0.9876284798225644,
    "σ_Gshock": 0.002601902233311297,
    "ρ_τ": 0.5504513162994858,
    "σ_Tlevshock": 0.0012692368063344482,
    "γ_Bτ": 0.7773154677870203,
    "γ_Yτ": 2.645523294668211,
    "ρ_P": 0.9856658692647721,
    "σ_Tprogshock": 0.022201607891187723,
    "γ_BP": 0.0,
    "γ_YP": 0.0,
    "α_τ": 2.226488420886713,
    "ρ_Rshock": 1.0e-8,
    "ρ_Pshock": 1.0e-8,
    "ρ_τshock": 1.0e-8,
    "ρ_Sshock": 1.0e-8
}
